item_id,restaurant_id,item_name,category,price
1,378,technology,Beverages,305.46
2,239,hard,Starters,382.52
3,91,must,Beverages,486.17
4,261,goal,Starters,421.98
5,388,customer,Main Course,141.68
6,472,position,Main Course,315.82
7,147,knowledge,Beverages,486.31
8,167,pay,Desserts,254.54
9,469,senior,Beverages,260.41
10,272,customer,Starters,168.9
11,172,green,Main Course,281.96
12,414,college,Starters,363.31
13,305,whom,Starters,400.17
14,163,land,Main Course,205.64
15,215,hospital,Main Course,89.73
16,194,together,Beverages,105.59
17,307,attention,Desserts,499.73
18,269,relationship,Beverages,333.53
19,443,tend,Main Course,133.78
20,402,grow,Beverages,164.83
21,431,thought,Starters,167.94
22,363,daughter,Beverages,174.19
23,454,especially,Main Course,386.89
24,209,half,Beverages,393.99
25,226,since,Main Course,487.33
26,218,wrong,Main Course,244.91
27,20,safe,Beverages,286.59
28,295,white,Main Course,231.23
29,471,material,Starters,408.11
30,128,girl,Beverages,214.05
31,14,present,Main Course,373.1
32,24,school,Beverages,213.66
33,195,age,Desserts,329.35
34,411,those,Beverages,494.55
35,391,debate,Desserts,291.16
36,462,prevent,Starters,117.89
37,130,serious,Main Course,132.3
38,138,huge,Desserts,263.52
39,448,everything,Main Course,339.51
40,41,among,Beverages,419.1
41,356,method,Beverages,181.68
42,213,account,Main Course,128.53
43,10,think,Beverages,395.13
44,349,me,Starters,463.2
45,354,describe,Main Course,55.76
46,174,behavior,Starters,105.55
47,230,you,Starters,391.68
48,25,it,Starters,235.55
49,107,meet,Beverages,64.25
50,120,American,Starters,207.51
51,178,house,Beverages,209.77
52,434,huge,Desserts,134.33
53,307,media,Starters,323.08
54,178,speak,Main Course,115.54
55,311,most,Beverages,294.9
56,474,watch,Starters,274.55
57,448,oil,Starters,499.11
58,370,picture,Desserts,324.44
59,390,operation,Beverages,67.48
60,412,positive,Beverages,221.75
61,31,professional,Beverages,485.73
62,452,push,Starters,385.26
63,480,material,Starters,115.91
64,348,kid,Main Course,347.6
65,38,former,Main Course,355.8
66,480,each,Desserts,248.15
67,376,off,Desserts,179.31
68,180,focus,Desserts,280.96
69,51,first,Starters,379.16
70,347,human,Desserts,400.3
71,422,fast,Desserts,404.97
72,187,anything,Main Course,223.87
73,62,main,Beverages,410.12
74,280,the,Main Course,457.49
75,22,yeah,Desserts,191.11
76,25,travel,Starters,172.73
77,249,enjoy,Beverages,337.12
78,140,yeah,Main Course,103.5
79,302,bag,Beverages,384.86
80,177,range,Desserts,61.52
81,260,event,Starters,174.66
82,97,save,Beverages,366.12
83,488,order,Beverages,306.99
84,219,become,Starters,377.38
85,275,condition,Beverages,356.44
86,276,prove,Starters,304.23
87,212,stay,Beverages,175.2
88,409,government,Main Course,259.15
89,152,word,Main Course,315.74
90,181,every,Main Course,348.86
91,102,health,Beverages,307.06
92,363,throughout,Desserts,136.79
93,402,recently,Desserts,170.73
94,244,season,Beverages,279.32
95,221,vote,Desserts,472.95
96,282,scientist,Desserts,401.82
97,226,focus,Beverages,237.43
98,241,foot,Main Course,51.5
99,466,wish,Beverages,242.67
100,325,rate,Desserts,131.88
101,9,beat,Beverages,462.35
102,337,task,Starters,454.8
103,362,me,Desserts,260.42
104,30,understand,Desserts,463.38
105,333,significant,Starters,127.32
106,262,could,Beverages,300.21
107,103,offer,Main Course,110.47
108,461,hand,Main Course,407.67
109,35,across,Beverages,431.78
110,224,off,Starters,307.52
111,163,rise,Starters,482.61
112,422,program,Desserts,295.4
113,374,let,Desserts,65.54
114,380,pass,Main Course,155.76
115,3,environmental,Beverages,439.21
116,479,people,Main Course,342.24
117,3,deep,Desserts,444.41
118,461,federal,Desserts,219.63
119,265,benefit,Main Course,218.8
120,308,end,Main Course,77.8
121,163,born,Desserts,209.5
122,115,pretty,Main Course,127.0
123,171,nearly,Starters,498.36
124,135,suddenly,Beverages,422.68
125,346,year,Starters,298.2
126,301,thank,Starters,442.34
127,432,mean,Main Course,461.25
128,411,third,Main Course,65.24
129,184,skin,Main Course,249.12
130,476,where,Starters,384.21
131,132,agreement,Main Course,160.58
132,331,store,Main Course,280.09
133,140,despite,Starters,59.73
134,185,live,Desserts,264.53
135,4,clearly,Starters,81.95
136,421,family,Desserts,220.08
137,420,hold,Beverages,238.6
138,491,newspaper,Main Course,187.81
139,163,glass,Starters,220.08
140,56,character,Desserts,212.55
141,265,industry,Beverages,405.78
142,184,important,Starters,232.65
143,86,break,Beverages,123.68
144,235,pass,Starters,481.91
145,105,blue,Desserts,398.28
146,47,set,Starters,266.08
147,267,ok,Beverages,179.7
148,453,audience,Beverages,397.21
149,479,too,Beverages,318.53
150,318,time,Starters,270.91
151,443,feeling,Starters,368.76
152,131,design,Main Course,337.05
153,462,tonight,Starters,145.87
154,103,site,Starters,423.89
155,153,name,Starters,229.66
156,87,network,Main Course,266.61
157,445,likely,Main Course,120.73
158,458,better,Main Course,149.67
159,266,hotel,Starters,102.34
160,278,town,Desserts,218.13
161,332,training,Desserts,61.35
162,123,radio,Beverages,117.36
163,250,thank,Main Course,460.97
164,164,process,Beverages,350.19
165,27,amount,Main Course,272.77
166,154,start,Beverages,304.8
167,355,suffer,Beverages,337.15
168,430,year,Desserts,58.14
169,171,forget,Main Course,326.38
170,95,born,Starters,389.77
171,498,accept,Starters,444.1
172,330,its,Beverages,375.71
173,281,decide,Desserts,148.31
174,372,eye,Starters,265.89
175,25,person,Beverages,373.08
176,277,voice,Beverages,202.22
177,248,move,Main Course,186.68
178,410,bad,Main Course,396.8
179,446,pick,Main Course,255.18
180,454,again,Starters,387.72
181,355,fish,Starters,394.5
182,451,every,Starters,187.46
183,436,north,Desserts,434.19
184,420,order,Starters,124.21
185,151,sense,Starters,325.41
186,235,report,Desserts,243.64
187,116,vote,Starters,378.37
188,225,work,Desserts,116.53
189,488,their,Main Course,286.34
190,383,expect,Starters,387.12
191,496,able,Desserts,198.14
192,444,appear,Desserts,50.02
193,71,catch,Main Course,304.41
194,404,memory,Desserts,464.61
195,499,many,Desserts,213.78
196,467,short,Beverages,117.45
197,424,concern,Main Course,191.57
198,337,scientist,Main Course,343.81
199,178,show,Desserts,312.38
200,212,relate,Main Course,163.98
201,293,whole,Starters,211.33
202,195,shoulder,Beverages,451.19
203,73,loss,Desserts,102.14
204,499,rate,Main Course,393.2
205,26,cost,Main Course,469.46
206,388,think,Beverages,301.36
207,357,doctor,Main Course,419.84
208,52,while,Main Course,242.85
209,403,I,Starters,294.92
210,78,let,Beverages,362.39
211,37,environmental,Desserts,269.43
212,231,along,Main Course,190.98
213,387,table,Beverages,438.04
214,149,take,Starters,456.14
215,303,middle,Main Course,402.33
216,271,fill,Beverages,329.83
217,134,recently,Starters,362.99
218,245,number,Beverages,103.43
219,103,say,Starters,447.25
220,336,add,Main Course,301.76
221,234,lot,Starters,178.55
222,194,project,Desserts,223.9
223,268,society,Desserts,314.33
224,377,hundred,Desserts,437.97
225,368,by,Beverages,130.14
226,164,strategy,Desserts,248.18
227,360,spend,Desserts,401.01
228,413,author,Main Course,381.4
229,315,involve,Beverages,289.07
230,288,word,Starters,306.98
231,355,street,Beverages,420.28
232,47,daughter,Beverages,53.33
233,485,next,Desserts,426.42
234,70,avoid,Starters,290.46
235,246,whether,Starters,481.9
236,431,cause,Starters,72.6
237,376,base,Desserts,94.73
238,297,serious,Beverages,267.99
239,81,sign,Main Course,258.77
240,358,church,Main Course,256.52
241,84,vote,Beverages,375.26
242,143,she,Desserts,206.21
243,386,couple,Desserts,274.63
244,2,behind,Main Course,109.89
245,432,form,Starters,196.64
246,116,building,Desserts,220.04
247,389,room,Beverages,448.15
248,365,expect,Main Course,450.89
249,94,her,Desserts,419.35
250,411,help,Starters,122.71
251,49,first,Desserts,189.36
252,67,visit,Main Course,274.04
253,346,city,Desserts,100.6
254,83,civil,Starters,55.06
255,464,again,Starters,251.45
256,450,camera,Beverages,377.82
257,273,lead,Starters,324.7
258,461,choice,Beverages,210.69
259,61,second,Main Course,303.9
260,361,exactly,Beverages,193.31
261,101,world,Desserts,271.98
262,126,TV,Beverages,213.2
263,407,relationship,Main Course,94.7
264,354,according,Desserts,174.42
265,69,live,Main Course,319.81
266,149,win,Main Course,237.49
267,217,wind,Main Course,386.68
268,349,in,Starters,256.92
269,243,guess,Desserts,118.27
270,216,now,Beverages,130.2
271,226,first,Beverages,222.69
272,3,knowledge,Starters,232.12
273,370,knowledge,Beverages,242.49
274,420,range,Beverages,498.25
275,209,serve,Main Course,336.52
276,64,manage,Desserts,354.69
277,317,increase,Desserts,263.83
278,373,radio,Beverages,327.07
279,147,fly,Beverages,371.39
280,452,right,Beverages,236.6
281,314,quality,Beverages,223.11
282,36,his,Beverages,57.77
283,332,nature,Main Course,173.89
284,339,only,Beverages,283.02
285,382,then,Main Course,76.83
286,455,again,Desserts,487.25
287,280,wear,Beverages,216.28
288,410,quite,Main Course,89.0
289,5,let,Starters,66.64
290,144,event,Starters,270.51
291,72,again,Beverages,116.4
292,100,collection,Starters,276.89
293,255,evening,Starters,75.82
294,344,third,Main Course,87.93
295,242,agent,Beverages,101.07
296,423,field,Starters,453.93
297,383,letter,Main Course,398.19
298,369,give,Main Course,64.36
299,52,number,Main Course,135.05
300,202,imagine,Desserts,309.13
301,306,music,Main Course,287.96
302,316,one,Beverages,69.02
303,285,attention,Desserts,68.52
304,392,control,Main Course,175.43
305,367,television,Main Course,259.89
306,94,economy,Beverages,452.49
307,442,although,Starters,257.67
308,248,down,Desserts,197.19
309,82,performance,Starters,170.9
310,323,difference,Starters,89.27
311,270,lay,Starters,389.64
312,446,include,Starters,365.68
313,443,involve,Starters,170.55
314,248,play,Starters,269.08
315,209,medical,Starters,419.37
316,197,human,Beverages,151.29
317,313,mother,Beverages,414.95
318,270,smile,Beverages,64.64
319,47,fire,Desserts,322.76
320,186,property,Desserts,93.38
321,317,thought,Beverages,380.01
322,188,seem,Main Course,91.38
323,33,later,Beverages,347.44
324,369,use,Beverages,91.78
325,137,kid,Starters,365.65
326,186,near,Starters,424.64
327,483,view,Starters,209.08
328,102,reason,Starters,273.6
329,450,either,Main Course,385.11
330,492,expect,Desserts,66.85
331,409,bed,Starters,354.62
332,265,in,Starters,162.5
333,323,service,Starters,354.16
334,145,people,Desserts,498.59
335,157,administration,Starters,411.71
336,220,traditional,Main Course,251.61
337,204,industry,Beverages,396.94
338,458,decision,Beverages,90.6
339,486,she,Beverages,204.3
340,328,study,Desserts,296.62
341,170,top,Main Course,285.87
342,189,world,Desserts,432.9
343,358,safe,Beverages,371.2
344,124,police,Beverages,202.41
345,116,staff,Starters,371.86
346,144,have,Desserts,90.51
347,237,author,Desserts,52.83
348,19,yet,Desserts,364.13
349,217,those,Main Course,383.66
350,340,law,Desserts,396.65
351,135,quickly,Beverages,481.43
352,132,personal,Desserts,156.18
353,69,yeah,Beverages,152.01
354,391,understand,Desserts,433.49
355,217,something,Main Course,136.16
356,84,heavy,Starters,386.31
357,273,arrive,Starters,182.96
358,105,long,Beverages,367.97
359,467,whether,Beverages,57.91
360,182,guy,Beverages,199.06
361,6,foot,Beverages,102.8
362,474,note,Main Course,132.76
363,157,dog,Main Course,296.5
364,184,between,Beverages,60.32
365,83,nothing,Desserts,236.89
366,284,policy,Starters,164.9
367,45,high,Beverages,77.1
368,477,media,Main Course,268.09
369,132,Democrat,Main Course,154.24
370,333,short,Main Course,214.1
371,10,describe,Starters,415.18
372,319,part,Main Course,184.54
373,71,customer,Beverages,271.93
374,1,serious,Beverages,379.12
375,113,in,Desserts,474.08
376,86,sound,Starters,369.04
377,254,effect,Beverages,216.7
378,342,food,Desserts,425.32
379,58,protect,Starters,221.37
380,123,at,Main Course,150.81
381,104,improve,Main Course,148.73
382,434,control,Main Course,313.77
383,59,show,Starters,154.66
384,378,east,Beverages,53.91
385,479,through,Starters,116.97
386,370,use,Beverages,285.21
387,285,interview,Beverages,340.63
388,226,gas,Beverages,469.99
389,304,during,Starters,158.46
390,161,really,Desserts,372.88
391,200,force,Beverages,89.2
392,228,instead,Main Course,358.83
393,118,American,Desserts,191.92
394,130,provide,Desserts,318.52
395,410,so,Starters,417.5
396,345,always,Starters,167.85
397,258,chance,Beverages,157.12
398,187,air,Starters,430.0
399,392,should,Starters,273.28
400,460,strategy,Main Course,398.17
401,313,plan,Main Course,59.82
402,195,purpose,Desserts,286.17
403,29,improve,Beverages,347.86
404,29,activity,Desserts,228.8
405,334,everybody,Starters,290.22
406,250,sign,Beverages,167.65
407,63,feel,Starters,378.68
408,109,write,Beverages,293.66
409,152,fill,Main Course,292.9
410,451,Congress,Starters,293.79
411,464,most,Main Course,442.72
412,329,official,Desserts,75.85
413,198,lot,Starters,499.04
414,406,game,Starters,207.3
415,258,cultural,Beverages,441.29
416,331,lead,Main Course,393.11
417,8,appear,Desserts,469.25
418,315,cut,Desserts,248.31
419,1,rich,Desserts,93.46
420,7,situation,Beverages,354.89
421,245,vote,Beverages,328.02
422,133,leader,Desserts,380.95
423,347,plant,Desserts,175.44
424,147,poor,Desserts,195.2
425,292,measure,Desserts,194.99
426,5,man,Starters,149.44
427,3,share,Main Course,385.97
428,314,statement,Starters,290.93
429,193,feeling,Main Course,305.47
430,50,door,Main Course,93.42
431,22,stuff,Desserts,172.94
432,241,wind,Beverages,103.28
433,18,job,Main Course,51.59
434,229,set,Starters,447.43
435,154,network,Desserts,176.2
436,177,even,Starters,443.6
437,35,bill,Main Course,213.46
438,310,real,Beverages,412.55
439,285,least,Main Course,160.44
440,312,each,Desserts,446.76
441,320,amount,Desserts,235.6
442,51,strategy,Desserts,303.11
443,31,build,Beverages,91.84
444,33,new,Starters,255.76
445,151,develop,Desserts,102.5
446,62,edge,Beverages,141.0
447,178,born,Starters,204.31
448,214,authority,Starters,58.02
449,270,read,Main Course,381.95
450,302,degree,Desserts,196.5
451,150,amount,Starters,79.58
452,127,forward,Main Course,479.02
453,184,simply,Main Course,134.8
454,434,wind,Desserts,350.08
455,78,woman,Main Course,369.74
456,221,foreign,Beverages,65.78
457,275,movie,Desserts,67.44
458,453,economy,Main Course,230.83
459,455,day,Desserts,78.25
460,152,property,Starters,438.51
461,210,the,Main Course,113.71
462,222,quality,Desserts,436.54
463,312,main,Main Course,328.96
464,311,foot,Beverages,327.87
465,439,describe,Beverages,184.62
466,255,wear,Beverages,107.22
467,255,according,Beverages,378.14
468,217,meeting,Starters,165.62
469,327,model,Beverages,353.34
470,153,perform,Main Course,131.63
471,143,modern,Beverages,433.24
472,18,home,Main Course,218.88
473,460,measure,Beverages,407.1
474,454,set,Starters,271.94
475,32,government,Desserts,61.7
476,13,quite,Beverages,460.93
477,188,leg,Starters,406.17
478,10,kind,Beverages,155.42
479,324,down,Starters,257.21
480,38,practice,Main Course,320.98
481,461,author,Main Course,202.45
482,66,wind,Main Course,459.42
483,419,team,Beverages,428.62
484,298,scene,Starters,466.72
485,478,major,Desserts,247.33
486,140,member,Starters,391.92
487,182,compare,Desserts,497.84
488,28,student,Beverages,148.54
489,228,art,Starters,357.49
490,489,cover,Beverages,154.82
491,47,number,Starters,88.45
492,15,seven,Main Course,152.49
493,67,rise,Desserts,305.05
494,297,manage,Desserts,441.56
495,254,career,Beverages,296.01
496,250,whole,Starters,215.28
497,184,for,Main Course,179.04
498,151,safe,Desserts,162.88
499,495,particular,Main Course,229.37
500,363,national,Main Course,443.84
501,90,member,Main Course,195.88
502,363,southern,Beverages,331.62
503,2,consider,Main Course,123.93
504,22,machine,Beverages,228.26
505,346,century,Beverages,229.5
506,462,son,Starters,394.73
507,500,report,Desserts,280.26
508,23,have,Starters,219.05
509,66,hand,Beverages,208.63
510,110,grow,Desserts,303.03
511,364,how,Beverages,159.79
512,162,sometimes,Desserts,69.19
513,156,piece,Main Course,177.03
514,385,ready,Main Course,304.9
515,324,doctor,Desserts,260.53
516,488,coach,Starters,69.5
517,371,herself,Beverages,432.06
518,128,really,Desserts,410.0
519,300,help,Main Course,463.07
520,119,military,Starters,411.0
521,406,you,Starters,58.09
522,485,action,Starters,151.17
523,454,also,Starters,398.88
524,260,eye,Beverages,108.78
525,484,blue,Main Course,173.09
526,261,site,Beverages,355.53
527,266,green,Beverages,94.11
528,125,budget,Beverages,447.97
529,87,your,Desserts,270.07
530,140,mouth,Starters,440.53
531,27,year,Main Course,429.55
532,378,born,Beverages,439.43
533,261,plant,Beverages,186.2
534,359,property,Beverages,357.73
535,364,than,Starters,115.79
536,139,usually,Main Course,96.54
537,468,number,Beverages,141.04
538,15,ability,Main Course,427.88
539,331,kitchen,Main Course,125.8
540,337,through,Desserts,221.78
541,35,but,Main Course,182.48
542,189,animal,Main Course,299.42
543,229,development,Starters,96.53
544,250,its,Main Course,355.91
545,185,shoulder,Main Course,183.14
546,237,base,Desserts,359.66
547,415,raise,Starters,348.73
548,310,say,Beverages,293.63
549,285,force,Beverages,460.19
550,26,decade,Starters,311.09
551,340,result,Desserts,67.68
552,364,evidence,Beverages,330.64
553,89,believe,Desserts,382.01
554,422,meeting,Main Course,450.91
555,492,also,Beverages,54.25
556,181,entire,Starters,430.19
557,256,marriage,Main Course,257.26
558,446,get,Desserts,379.19
559,357,indeed,Desserts,486.9
560,463,successful,Desserts,67.26
561,335,ball,Beverages,331.87
562,255,administration,Beverages,456.41
563,66,everybody,Starters,284.73
564,342,any,Main Course,366.86
565,275,course,Desserts,163.7
566,144,produce,Starters,383.91
567,237,hit,Desserts,69.33
568,270,table,Main Course,269.75
569,412,fund,Beverages,154.61
570,185,rather,Main Course,379.29
571,435,reflect,Desserts,414.2
572,130,among,Beverages,224.95
573,464,specific,Beverages,326.82
574,491,feeling,Main Course,182.0
575,461,station,Desserts,309.22
576,139,believe,Main Course,160.17
577,49,wide,Starters,76.49
578,53,bad,Desserts,85.45
579,203,shake,Desserts,212.33
580,109,can,Starters,308.85
581,323,around,Desserts,330.6
582,227,continue,Beverages,425.4
583,202,scientist,Desserts,362.43
584,84,election,Desserts,147.75
585,74,nation,Beverages,467.48
586,223,hope,Desserts,165.9
587,137,toward,Beverages,65.07
588,462,miss,Main Course,226.08
589,144,year,Main Course,341.83
590,69,blue,Starters,62.64
591,463,send,Main Course,310.32
592,412,might,Main Course,189.23
593,350,describe,Starters,193.72
594,465,eye,Beverages,440.2
595,354,by,Main Course,192.02
596,21,finish,Beverages,64.02
597,116,wide,Beverages,460.55
598,465,walk,Desserts,494.73
599,189,out,Beverages,454.9
600,163,who,Starters,83.46
601,293,majority,Beverages,365.53
602,1,according,Starters,287.27
603,249,begin,Starters,462.65
604,19,nature,Starters,344.5
605,423,understand,Starters,390.22
606,69,decide,Beverages,80.76
607,302,particular,Desserts,184.4
608,54,system,Desserts,79.09
609,44,face,Desserts,374.32
610,313,need,Main Course,349.66
611,275,once,Starters,475.22
612,230,sell,Main Course,253.95
613,297,hospital,Starters,457.6
614,222,push,Beverages,164.0
615,262,toward,Starters,166.1
616,459,rate,Beverages,349.68
617,69,group,Beverages,59.75
618,258,moment,Starters,195.76
619,451,example,Starters,240.96
620,54,care,Desserts,417.39
621,153,drop,Desserts,232.35
622,464,TV,Main Course,204.84
623,142,star,Beverages,276.04
624,209,knowledge,Desserts,97.37
625,282,skill,Main Course,212.54
626,150,table,Starters,467.0
627,493,inside,Desserts,252.98
628,158,poor,Main Course,386.24
629,128,report,Main Course,349.19
630,400,ok,Starters,110.73
631,125,forward,Starters,252.49
632,147,improve,Starters,330.95
633,160,happen,Beverages,66.86
634,311,avoid,Desserts,412.07
635,330,pattern,Desserts,143.91
636,279,fall,Starters,398.25
637,333,power,Beverages,271.05
638,254,reason,Starters,118.34
639,3,radio,Desserts,247.82
640,240,fall,Starters,105.03
641,330,discuss,Starters,402.59
642,405,clear,Starters,414.35
643,430,discuss,Desserts,456.48
644,61,drop,Desserts,337.83
645,476,plan,Desserts,443.78
646,45,song,Main Course,406.49
647,256,news,Starters,396.19
648,185,why,Beverages,226.2
649,355,adult,Starters,495.13
650,386,yeah,Desserts,186.59
651,205,tough,Desserts,375.04
652,359,glass,Main Course,248.46
653,391,hospital,Main Course,187.1
654,294,continue,Main Course,338.45
655,500,generation,Starters,146.17
656,322,music,Main Course,437.8
657,108,special,Desserts,142.33
658,16,rise,Beverages,224.85
659,271,market,Desserts,56.44
660,66,around,Starters,382.69
661,458,effort,Desserts,115.06
662,255,ever,Main Course,415.19
663,87,leader,Main Course,157.92
664,492,explain,Starters,365.85
665,135,baby,Desserts,93.05
666,489,grow,Desserts,162.86
667,460,team,Desserts,76.67
668,271,begin,Starters,224.19
669,465,become,Starters,292.81
670,299,rest,Desserts,292.58
671,55,dream,Beverages,310.99
672,251,great,Beverages,225.42
673,410,hope,Main Course,414.61
674,119,several,Desserts,216.99
675,2,consider,Main Course,431.01
676,287,clear,Desserts,232.59
677,422,speech,Main Course,438.71
678,404,trade,Beverages,214.03
679,228,try,Beverages,155.51
680,143,lose,Beverages,155.53
681,316,company,Starters,82.69
682,480,fish,Starters,318.8
683,207,oil,Beverages,486.27
684,362,she,Desserts,73.26
685,487,truth,Desserts,339.1
686,418,individual,Starters,178.68
687,97,put,Desserts,416.23
688,279,market,Starters,434.8
689,255,better,Beverages,363.93
690,379,if,Starters,262.14
691,496,church,Main Course,308.25
692,185,life,Beverages,76.03
693,350,million,Main Course,285.71
694,147,exactly,Beverages,344.89
695,163,report,Starters,436.28
696,291,ahead,Starters,364.43
697,68,matter,Beverages,122.47
698,379,artist,Beverages,340.5
699,424,individual,Starters,369.7
700,263,officer,Beverages,407.3
701,484,window,Desserts,425.8
702,147,nation,Beverages,258.47
703,118,hear,Beverages,63.58
704,326,summer,Beverages,90.68
705,440,activity,Desserts,138.98
706,416,cell,Desserts,406.7
707,195,meeting,Starters,456.22
708,276,above,Beverages,396.86
709,363,interest,Starters,223.39
710,152,national,Beverages,72.98
711,142,natural,Desserts,50.25
712,475,debate,Beverages,107.71
713,460,consumer,Main Course,222.27
714,178,over,Starters,309.3
715,189,modern,Main Course,458.26
716,203,staff,Main Course,135.59
717,387,rule,Starters,268.82
718,360,seem,Main Course,382.82
719,482,community,Beverages,318.65
720,426,cup,Desserts,378.98
721,347,throughout,Main Course,270.15
722,4,as,Desserts,333.96
723,66,inside,Beverages,116.42
724,443,minute,Main Course,143.13
725,146,long,Main Course,158.68
726,182,right,Main Course,116.86
727,487,TV,Starters,101.44
728,362,for,Beverages,408.79
729,29,within,Starters,101.34
730,309,central,Beverages,342.66
731,104,good,Main Course,114.57
732,282,kitchen,Beverages,388.34
733,283,majority,Main Course,329.64
734,474,rest,Beverages,452.23
735,33,would,Main Course,182.72
736,363,probably,Desserts,63.72
737,25,important,Starters,119.11
738,243,step,Beverages,322.4
739,28,serve,Main Course,365.44
740,343,shoulder,Beverages,323.76
741,78,ball,Starters,183.05
742,122,maintain,Starters,104.33
743,229,paper,Beverages,464.47
744,490,seven,Starters,413.07
745,287,certainly,Desserts,250.55
746,434,character,Starters,212.79
747,408,never,Desserts,357.15
748,408,very,Main Course,91.71
749,55,whole,Desserts,89.72
750,336,discussion,Desserts,406.55
751,265,anyone,Starters,370.53
752,111,put,Main Course,491.23
753,7,main,Main Course,325.05
754,371,they,Desserts,491.46
755,456,couple,Beverages,265.02
756,153,worry,Beverages,99.32
757,75,bring,Starters,433.81
758,483,agency,Desserts,339.0
759,245,hold,Main Course,462.31
760,135,role,Desserts,471.09
761,115,evidence,Starters,223.94
762,472,east,Desserts,134.93
763,141,government,Main Course,289.43
764,437,actually,Beverages,291.59
765,446,moment,Starters,447.11
766,346,enjoy,Starters,365.11
767,339,rate,Beverages,380.14
768,110,hundred,Desserts,474.77
769,112,rule,Main Course,338.98
770,81,its,Starters,169.44
771,393,race,Desserts,50.93
772,341,center,Beverages,159.76
773,450,radio,Beverages,208.85
774,97,tough,Desserts,220.49
775,226,economy,Main Course,440.2
776,372,report,Main Course,360.09
777,340,table,Starters,205.46
778,73,majority,Desserts,346.75
779,408,well,Desserts,495.48
780,12,dinner,Starters,396.33
781,278,system,Starters,81.7
782,330,view,Main Course,250.43
783,358,plan,Desserts,471.78
784,118,lead,Beverages,434.14
785,111,manager,Starters,131.72
786,194,want,Starters,229.74
787,13,suggest,Main Course,321.45
788,129,job,Desserts,299.31
789,159,prepare,Starters,441.45
790,91,break,Starters,146.92
791,416,various,Desserts,306.81
792,480,right,Main Course,489.29
793,164,sure,Main Course,159.06
794,489,real,Starters,163.3
795,456,measure,Desserts,375.24
796,64,prove,Main Course,314.26
797,323,word,Starters,118.22
798,291,last,Desserts,217.7
799,353,friend,Desserts,334.52
800,47,history,Starters,493.23
801,396,white,Starters,452.82
802,172,war,Beverages,442.22
803,103,someone,Desserts,389.37
804,466,almost,Beverages,418.62
805,275,range,Starters,184.4
806,162,lawyer,Main Course,149.34
807,357,expert,Main Course,252.29
808,406,theory,Beverages,404.06
809,398,create,Main Course,171.3
810,431,ok,Beverages,360.72
811,396,many,Starters,75.13
812,41,stop,Starters,384.2
813,2,walk,Main Course,131.07
814,189,term,Main Course,267.61
815,138,side,Main Course,256.83
816,79,main,Main Course,351.9
817,443,win,Starters,100.72
818,479,let,Beverages,170.07
819,363,much,Desserts,346.6
820,417,worker,Desserts,372.68
821,96,age,Desserts,391.1
822,228,western,Starters,338.01
823,260,drug,Beverages,437.29
824,404,girl,Desserts,208.89
825,32,five,Beverages,279.01
826,346,century,Beverages,392.03
827,290,enjoy,Starters,161.65
828,342,idea,Main Course,233.08
829,15,another,Beverages,254.58
830,40,herself,Main Course,416.74
831,370,growth,Desserts,231.41
832,119,trial,Desserts,62.53
833,129,score,Desserts,443.39
834,287,game,Beverages,382.83
835,8,rich,Beverages,128.61
836,462,debate,Beverages,454.82
837,54,challenge,Beverages,63.72
838,66,successful,Starters,60.34
839,262,coach,Starters,375.02
840,387,him,Main Course,206.24
841,254,rule,Beverages,121.09
842,226,put,Desserts,318.86
843,163,house,Main Course,62.96
844,377,cold,Starters,448.01
845,345,operation,Starters,403.61
846,225,machine,Desserts,312.8
847,50,series,Main Course,115.69
848,391,culture,Main Course,278.84
849,212,onto,Desserts,173.57
850,336,practice,Starters,144.06
851,478,loss,Desserts,95.84
852,103,hospital,Starters,105.2
853,463,peace,Desserts,314.67
854,475,Republican,Beverages,260.28
855,482,as,Desserts,274.51
856,227,alone,Beverages,99.14
857,445,course,Beverages,165.38
858,134,work,Main Course,495.92
859,113,form,Desserts,299.9
860,115,fall,Desserts,247.18
861,153,down,Beverages,472.54
862,239,parent,Desserts,324.32
863,222,we,Starters,220.68
864,318,from,Main Course,478.9
865,287,many,Beverages,255.93
866,414,into,Beverages,428.62
867,485,analysis,Beverages,229.95
868,389,system,Main Course,178.26
869,8,wish,Beverages,338.94
870,325,more,Desserts,80.8
871,312,bring,Beverages,365.56
872,323,become,Desserts,424.79
873,361,entire,Main Course,471.63
874,280,board,Desserts,399.03
875,284,between,Main Course,119.38
876,446,agent,Starters,451.54
877,159,clearly,Starters,229.46
878,132,oil,Beverages,315.41
879,343,nor,Main Course,100.23
880,60,color,Starters,387.23
881,218,where,Main Course,187.66
882,148,any,Desserts,357.25
883,307,even,Beverages,187.99
884,279,color,Beverages,433.82
885,320,name,Main Course,139.54
886,411,tell,Starters,395.8
887,353,stand,Main Course,271.9
888,143,time,Beverages,175.09
889,222,customer,Main Course,218.9
890,455,wide,Beverages,465.76
891,116,western,Beverages,382.72
892,131,more,Desserts,435.49
893,326,son,Main Course,142.25
894,473,tonight,Main Course,158.03
895,123,result,Starters,57.42
896,173,physical,Beverages,172.77
897,174,general,Desserts,420.56
898,49,religious,Main Course,232.6
899,394,bit,Beverages,388.36
900,78,be,Starters,422.51
901,24,issue,Starters,102.2
902,182,instead,Beverages,91.13
903,138,role,Beverages,403.27
904,340,always,Main Course,110.17
905,401,tough,Starters,128.24
906,494,build,Desserts,373.99
907,248,live,Beverages,366.52
908,475,election,Desserts,183.64
909,210,big,Starters,421.29
910,349,on,Starters,494.83
911,237,hundred,Desserts,185.73
912,462,police,Main Course,176.64
913,410,watch,Starters,77.72
914,390,about,Desserts,397.24
915,294,need,Main Course,222.64
916,500,summer,Desserts,117.18
917,105,office,Main Course,429.57
918,367,support,Desserts,442.3
919,316,particularly,Desserts,238.64
920,167,deep,Desserts,466.82
921,59,clearly,Starters,129.43
922,299,action,Starters,389.74
923,283,data,Main Course,76.48
924,341,she,Starters,159.64
925,414,science,Main Course,482.35
926,21,represent,Beverages,164.91
927,273,include,Main Course,358.81
928,36,whatever,Main Course,109.05
929,453,dream,Beverages,199.74
930,324,sell,Beverages,483.06
931,231,maintain,Desserts,406.39
932,163,beat,Beverages,196.7
933,485,blue,Beverages,394.41
934,347,anything,Beverages,254.35
935,182,source,Beverages,272.76
936,398,plant,Starters,244.29
937,463,truth,Main Course,156.68
938,306,probably,Beverages,228.12
939,283,everyone,Main Course,374.88
940,421,both,Desserts,161.56
941,489,never,Main Course,237.81
942,58,data,Desserts,415.87
943,162,now,Starters,182.74
944,137,wait,Beverages,103.22
945,49,quickly,Starters,207.12
946,294,whole,Beverages,238.76
947,494,group,Desserts,162.25
948,296,politics,Starters,74.59
949,354,a,Desserts,275.63
950,418,child,Main Course,351.47
951,354,land,Beverages,278.65
952,329,until,Starters,185.94
953,212,involve,Starters,182.66
954,20,hope,Desserts,467.7
955,268,market,Main Course,241.66
956,153,whole,Main Course,305.02
957,203,should,Beverages,292.36
958,399,responsibility,Desserts,221.13
959,18,many,Desserts,145.23
960,384,shoulder,Desserts,82.98
961,358,itself,Main Course,233.57
962,492,what,Desserts,346.76
963,134,win,Desserts,256.05
964,176,knowledge,Starters,412.47
965,287,Democrat,Beverages,229.65
966,39,feeling,Desserts,102.91
967,441,send,Main Course,53.78
968,310,certainly,Starters,59.08
969,202,guess,Desserts,214.03
970,338,gas,Starters,122.21
971,237,radio,Starters,304.99
972,485,hope,Main Course,210.24
973,244,impact,Beverages,412.29
974,348,foot,Beverages,459.52
975,352,budget,Main Course,170.06
976,16,might,Desserts,103.61
977,377,career,Beverages,372.72
978,440,hospital,Main Course,325.79
979,289,quite,Desserts,296.34
980,375,oil,Desserts,209.08
981,59,study,Starters,141.78
982,164,nearly,Beverages,250.92
983,135,environmental,Main Course,262.76
984,427,surface,Starters,188.67
985,125,skill,Main Course,320.07
986,61,rise,Main Course,437.29
987,453,middle,Starters,290.14
988,133,these,Main Course,232.34
989,92,scene,Desserts,189.06
990,116,reality,Main Course,94.31
991,320,case,Starters,349.98
992,83,move,Desserts,298.73
993,340,home,Main Course,148.56
994,119,daughter,Beverages,432.35
995,57,compare,Starters,436.36
996,367,well,Main Course,61.85
997,285,natural,Starters,485.58
998,200,teacher,Starters,498.43
999,209,catch,Main Course,93.18
1000,303,various,Desserts,153.77
1001,12,adult,Beverages,230.89
1002,257,gun,Beverages,445.21
1003,246,society,Starters,180.96
1004,29,them,Main Course,241.07
1005,309,drive,Beverages,317.07
1006,468,join,Beverages,385.46
1007,310,money,Desserts,120.7
1008,12,million,Main Course,76.36
1009,388,and,Starters,383.25
1010,476,watch,Beverages,225.96
1011,213,foot,Starters,105.75
1012,20,life,Desserts,450.46
1013,301,everything,Desserts,301.28
1014,140,to,Beverages,492.96
1015,486,positive,Desserts,341.76
1016,217,else,Starters,280.43
1017,411,moment,Beverages,346.9
1018,453,find,Beverages,219.52
1019,200,task,Main Course,258.75
1020,3,third,Desserts,486.78
1021,143,recognize,Desserts,325.68
1022,480,second,Beverages,194.71
1023,34,health,Desserts,114.09
1024,222,discuss,Starters,276.15
1025,285,dinner,Desserts,481.72
1026,90,three,Main Course,91.41
1027,418,concern,Desserts,77.91
1028,83,pull,Main Course,138.43
1029,150,just,Desserts,451.32
1030,362,despite,Beverages,74.49
1031,117,administration,Desserts,200.98
1032,37,effect,Starters,114.98
1033,429,support,Beverages,303.57
1034,80,commercial,Main Course,168.31
1035,468,each,Starters,344.59
1036,460,nature,Beverages,499.1
1037,364,letter,Desserts,72.84
1038,32,radio,Main Course,359.27
1039,348,yourself,Beverages,179.97
1040,102,maintain,Beverages,74.55
1041,336,political,Beverages,392.74
1042,413,Republican,Starters,458.8
1043,258,officer,Desserts,233.93
1044,112,impact,Desserts,461.15
1045,282,general,Main Course,378.79
1046,440,far,Main Course,260.5
1047,241,list,Beverages,375.95
1048,90,movement,Desserts,242.7
1049,335,government,Starters,84.4
1050,254,budget,Main Course,138.8
1051,485,then,Beverages,305.93
1052,377,during,Beverages,109.04
1053,253,security,Main Course,336.33
1054,17,generation,Desserts,132.41
1055,98,box,Starters,434.61
1056,237,generation,Main Course,270.16
1057,475,little,Beverages,247.36
1058,223,sure,Main Course,84.52
1059,413,stay,Starters,402.01
1060,293,fact,Desserts,82.66
1061,318,city,Main Course,284.26
1062,127,spring,Beverages,92.52
1063,282,into,Desserts,478.49
1064,382,scene,Main Course,407.3
1065,113,something,Desserts,271.16
1066,227,sense,Main Course,327.48
1067,199,red,Starters,417.97
1068,322,citizen,Main Course,241.11
1069,151,part,Desserts,432.42
1070,76,agreement,Desserts,409.5
1071,105,might,Beverages,311.56
1072,405,central,Beverages,209.4
1073,384,born,Starters,288.2
1074,254,account,Starters,237.37
1075,393,build,Main Course,103.13
1076,120,individual,Starters,397.06
1077,84,party,Starters,95.04
1078,153,long,Starters,114.07
1079,159,area,Desserts,272.98
1080,117,every,Starters,94.82
1081,209,color,Starters,143.36
1082,258,worker,Desserts,450.12
1083,319,change,Main Course,248.86
1084,219,cost,Main Course,466.89
1085,164,technology,Desserts,178.51
1086,70,positive,Desserts,285.32
1087,63,floor,Main Course,455.41
1088,283,behind,Starters,218.48
1089,342,ten,Desserts,285.77
1090,7,information,Beverages,387.01
1091,135,through,Starters,338.02
1092,381,reflect,Main Course,466.06
1093,292,agree,Main Course,416.34
1094,209,growth,Starters,417.89
1095,164,pay,Main Course,62.3
1096,201,fire,Beverages,199.2
1097,102,behavior,Starters,105.72
1098,346,wait,Beverages,481.03
1099,434,herself,Desserts,222.15
1100,161,nice,Starters,385.66
1101,347,at,Desserts,79.54
1102,277,raise,Main Course,485.18
1103,344,than,Starters,459.43
1104,407,media,Main Course,158.74
1105,334,letter,Main Course,443.33
1106,359,name,Main Course,142.03
1107,297,work,Main Course,166.4
1108,438,whether,Main Course,342.37
1109,82,some,Main Course,486.09
1110,150,leave,Starters,238.41
1111,8,vote,Starters,310.13
1112,451,beyond,Main Course,231.59
1113,155,television,Beverages,435.93
1114,497,start,Desserts,472.77
1115,181,unit,Main Course,305.43
1116,382,accept,Main Course,322.02
1117,134,law,Beverages,57.82
1118,223,most,Main Course,443.26
1119,370,wear,Main Course,313.62
1120,386,job,Desserts,77.98
1121,72,itself,Main Course,141.72
1122,46,analysis,Beverages,250.03
1123,27,treat,Desserts,490.6
1124,347,away,Desserts,335.61
1125,408,consider,Desserts,170.83
1126,302,yes,Desserts,136.89
1127,205,feeling,Beverages,274.84
1128,308,hard,Starters,481.42
1129,198,explain,Desserts,53.83
1130,471,receive,Beverages,62.1
1131,65,purpose,Beverages,169.4
1132,254,choice,Starters,81.99
1133,315,operation,Desserts,279.03
1134,66,million,Starters,298.64
1135,227,site,Starters,258.3
1136,183,visit,Beverages,179.61
1137,415,really,Beverages,321.17
1138,207,even,Desserts,119.33
1139,179,wrong,Starters,231.18
1140,116,central,Beverages,61.68
1141,251,partner,Beverages,124.67
1142,378,human,Desserts,350.41
1143,350,debate,Main Course,493.75
1144,388,there,Starters,104.3
1145,142,where,Beverages,399.3
1146,487,only,Main Course,421.49
1147,276,history,Main Course,464.58
1148,64,discuss,Starters,137.33
1149,120,million,Desserts,77.57
1150,68,will,Starters,360.78
1151,263,adult,Starters,458.44
1152,187,during,Starters,171.6
1153,206,everyone,Main Course,499.89
1154,41,despite,Beverages,189.5
1155,308,rate,Main Course,320.87
1156,352,financial,Starters,231.24
1157,365,speak,Starters,313.91
1158,63,mind,Desserts,243.28
1159,418,form,Beverages,213.68
1160,51,state,Beverages,63.15
1161,389,medical,Main Course,288.25
1162,215,share,Desserts,68.14
1163,276,process,Beverages,91.93
1164,58,decision,Desserts,393.41
1165,240,heavy,Starters,296.46
1166,484,public,Main Course,461.22
1167,344,including,Desserts,310.68
1168,500,other,Starters,305.06
1169,437,wonder,Main Course,257.65
1170,218,success,Beverages,429.72
1171,26,rise,Starters,404.75
1172,354,tax,Starters,189.26
1173,129,always,Beverages,287.42
1174,427,show,Beverages,378.61
1175,179,agreement,Starters,345.05
1176,6,sound,Beverages,141.32
1177,147,lose,Desserts,372.36
1178,340,federal,Starters,133.73
1179,266,I,Desserts,330.16
1180,485,second,Main Course,459.96
1181,416,feel,Desserts,313.09
1182,427,teacher,Desserts,282.6
1183,497,outside,Beverages,171.04
1184,466,spend,Desserts,167.81
1185,107,explain,Starters,264.76
1186,273,study,Main Course,87.24
1187,42,material,Desserts,394.97
1188,258,sound,Desserts,291.84
1189,381,I,Starters,239.34
1190,18,of,Main Course,104.41
1191,334,become,Beverages,171.98
1192,270,list,Desserts,309.41
1193,432,every,Starters,213.09
1194,316,election,Desserts,261.31
1195,428,meeting,Desserts,218.06
1196,48,up,Beverages,273.89
1197,292,a,Starters,379.49
1198,219,week,Main Course,180.41
1199,233,us,Desserts,281.19
1200,343,family,Beverages,237.24
1201,385,democratic,Beverages,480.74
1202,187,forget,Beverages,220.75
1203,394,month,Beverages,271.48
1204,233,blue,Beverages,380.46
1205,200,smile,Main Course,277.46
1206,32,health,Beverages,285.04
1207,261,a,Beverages,446.11
1208,47,analysis,Beverages,269.13
1209,233,stage,Beverages,262.22
1210,90,try,Beverages,448.02
1211,286,scientist,Beverages,51.55
1212,71,blue,Beverages,103.39
1213,96,southern,Main Course,83.94
1214,88,and,Desserts,423.94
1215,224,themselves,Starters,207.67
1216,109,just,Main Course,225.57
1217,456,push,Starters,253.76
1218,239,little,Beverages,136.89
1219,61,health,Main Course,301.05
1220,385,few,Desserts,416.44
1221,195,between,Starters,225.64
1222,496,drive,Main Course,474.55
1223,308,themselves,Starters,159.79
1224,52,top,Beverages,457.13
1225,420,his,Beverages,496.66
1226,45,bar,Main Course,194.36
1227,29,staff,Main Course,421.05
1228,276,try,Main Course,53.73
1229,169,training,Starters,150.98
1230,139,it,Starters,424.42
1231,167,east,Desserts,399.04
1232,294,mean,Beverages,130.52
1233,101,later,Beverages,425.73
1234,449,gun,Desserts,335.47
1235,324,article,Desserts,363.27
1236,329,let,Desserts,276.88
1237,206,follow,Starters,361.94
1238,224,already,Desserts,259.78
1239,442,either,Beverages,294.04
1240,47,agree,Starters,239.67
1241,412,no,Desserts,68.51
1242,30,leader,Beverages,473.3
1243,5,prevent,Beverages,359.85
1244,68,clearly,Main Course,346.95
1245,71,control,Main Course,296.55
1246,293,deal,Beverages,126.18
1247,331,series,Desserts,73.96
1248,255,shoulder,Beverages,308.31
1249,24,mother,Beverages,409.15
1250,498,identify,Main Course,179.22
1251,462,TV,Main Course,441.05
1252,390,keep,Starters,375.62
1253,320,across,Starters,388.48
1254,12,land,Beverages,480.72
1255,2,pressure,Main Course,270.48
1256,371,choose,Starters,282.5
1257,175,as,Starters,71.8
1258,259,join,Desserts,283.93
1259,263,stay,Starters,215.9
1260,199,since,Main Course,123.53
1261,351,decision,Main Course,195.5
1262,412,police,Beverages,321.43
1263,3,skin,Starters,92.63
1264,271,daughter,Desserts,248.95
1265,393,better,Desserts,432.06
1266,252,hard,Beverages,214.25
1267,33,culture,Desserts,192.11
1268,275,true,Beverages,120.06
1269,114,wind,Desserts,88.88
1270,117,traditional,Desserts,79.13
1271,116,common,Starters,337.67
1272,485,article,Starters,132.95
1273,2,civil,Starters,442.13
1274,31,break,Starters,423.4
1275,62,hand,Beverages,259.03
1276,389,activity,Beverages,456.22
1277,82,spring,Desserts,435.38
1278,340,federal,Starters,212.97
1279,121,subject,Main Course,131.4
1280,136,their,Main Course,230.66
1281,179,include,Beverages,239.62
1282,306,word,Starters,60.28
1283,355,ability,Main Course,127.79
1284,156,knowledge,Desserts,415.5
1285,276,success,Desserts,353.59
1286,355,to,Beverages,478.52
1287,259,their,Main Course,443.17
1288,488,push,Beverages,225.76
1289,55,over,Desserts,433.34
1290,350,budget,Starters,333.46
1291,166,yard,Starters,171.99
1292,122,organization,Starters,286.71
1293,223,so,Desserts,220.44
1294,365,this,Beverages,371.91
1295,416,campaign,Beverages,114.72
1296,339,may,Desserts,109.94
1297,20,recent,Starters,230.09
1298,469,forward,Desserts,300.55
1299,307,operation,Desserts,220.88
1300,213,bar,Starters,441.25
1301,352,total,Beverages,278.61
1302,217,within,Desserts,323.21
1303,444,citizen,Main Course,291.22
1304,210,structure,Main Course,483.54
1305,183,argue,Starters,436.92
1306,326,professor,Starters,151.43
1307,80,bar,Beverages,376.89
1308,293,education,Starters,369.07
1309,201,eat,Beverages,422.46
1310,220,believe,Main Course,482.68
1311,469,paper,Main Course,346.49
1312,324,hotel,Beverages,387.29
1313,453,full,Main Course,469.26
1314,155,ball,Beverages,492.55
1315,33,various,Beverages,446.28
1316,100,to,Desserts,424.55
1317,430,newspaper,Starters,231.11
1318,148,ok,Main Course,369.13
1319,101,floor,Beverages,111.4
1320,380,reality,Beverages,431.26
1321,29,professor,Starters,289.57
1322,105,nothing,Main Course,299.45
1323,170,result,Beverages,259.5
1324,273,pretty,Starters,81.88
1325,487,future,Desserts,81.09
1326,54,behind,Desserts,427.09
1327,332,policy,Beverages,394.6
1328,347,since,Main Course,296.11
1329,125,talk,Beverages,110.35
1330,120,arm,Desserts,363.62
1331,289,art,Starters,284.45
1332,196,turn,Desserts,347.05
1333,142,may,Starters,304.74
1334,345,political,Desserts,222.97
1335,95,maintain,Beverages,137.91
1336,223,seem,Desserts,462.83
1337,18,end,Beverages,139.66
1338,289,animal,Main Course,319.8
1339,443,wide,Beverages,393.18
1340,403,question,Main Course,369.42
1341,34,sound,Starters,166.89
1342,71,board,Starters,381.25
1343,314,oil,Main Course,285.93
1344,263,effect,Main Course,272.76
1345,3,eye,Beverages,416.33
1346,416,lose,Beverages,236.15
1347,370,reason,Beverages,434.05
1348,226,property,Desserts,256.52
1349,391,song,Main Course,384.64
1350,167,science,Starters,492.84
1351,265,model,Main Course,489.57
1352,178,still,Main Course,417.03
1353,15,for,Desserts,229.35
1354,343,gun,Starters,384.58
1355,322,treatment,Starters,153.5
1356,184,value,Desserts,204.46
1357,250,least,Main Course,59.21
1358,37,section,Beverages,315.09
1359,370,possible,Desserts,242.5
1360,318,your,Starters,379.67
1361,37,need,Beverages,87.35
1362,188,week,Beverages,98.55
1363,464,blue,Starters,101.6
1364,23,ready,Desserts,76.72
1365,65,economic,Desserts,320.05
1366,252,Congress,Desserts,403.48
1367,148,easy,Beverages,303.79
1368,82,trial,Beverages,92.86
1369,194,quickly,Starters,151.05
1370,127,plan,Beverages,191.53
1371,76,man,Starters,166.52
1372,34,man,Starters,272.18
1373,405,only,Desserts,388.42
1374,355,Congress,Beverages,327.75
1375,199,base,Starters,212.64
1376,322,that,Main Course,127.51
1377,469,mean,Main Course,86.48
1378,233,city,Starters,241.92
1379,262,prove,Beverages,221.1
1380,24,environmental,Starters,420.84
1381,26,very,Beverages,353.94
1382,469,four,Beverages,311.92
1383,172,plant,Starters,375.63
1384,332,among,Desserts,483.06
1385,135,forward,Main Course,389.28
1386,468,teacher,Beverages,111.03
1387,377,write,Beverages,448.07
1388,90,population,Beverages,127.69
1389,275,sign,Main Course,419.35
1390,279,election,Starters,80.47
1391,336,be,Beverages,434.68
1392,6,they,Main Course,81.66
1393,119,young,Desserts,70.08
1394,380,reality,Desserts,194.57
1395,33,consider,Beverages,428.25
1396,374,new,Desserts,449.26
1397,152,reflect,Starters,142.71
1398,261,office,Desserts,254.02
1399,296,whom,Main Course,109.33
1400,450,total,Beverages,414.51
1401,374,question,Beverages,265.93
1402,152,together,Beverages,368.7
1403,91,plant,Main Course,424.85
1404,318,there,Starters,53.41
1405,479,very,Desserts,96.04
1406,414,see,Main Course,90.56
1407,173,break,Beverages,320.36
1408,455,another,Starters,215.45
1409,409,onto,Starters,437.71
1410,130,inside,Main Course,499.0
1411,141,quite,Desserts,426.1
1412,13,local,Desserts,356.86
1413,316,cost,Starters,491.81
1414,282,compare,Desserts,123.05
1415,237,avoid,Desserts,433.93
1416,375,beautiful,Starters,166.78
1417,125,wide,Starters,52.56
1418,231,opportunity,Desserts,332.83
1419,5,by,Starters,369.76
1420,246,television,Desserts,239.92
1421,136,all,Starters,188.28
1422,237,newspaper,Starters,118.9
1423,270,these,Beverages,449.59
1424,230,three,Desserts,400.58
1425,299,need,Desserts,263.76
1426,96,quality,Starters,179.96
1427,321,a,Desserts,406.86
1428,489,series,Main Course,347.74
1429,293,group,Beverages,319.03
1430,56,character,Starters,383.03
1431,216,seem,Main Course,362.29
1432,79,term,Starters,261.3
1433,347,call,Desserts,57.14
1434,90,drive,Desserts,107.44
1435,418,protect,Desserts,242.34
1436,468,girl,Beverages,137.13
1437,478,teach,Main Course,371.11
1438,259,describe,Beverages,333.84
1439,52,return,Main Course,56.97
1440,119,test,Main Course,215.62
1441,207,article,Starters,403.74
1442,261,left,Beverages,199.89
1443,205,subject,Starters,329.36
1444,104,read,Starters,72.28
1445,100,case,Starters,400.98
1446,76,experience,Main Course,221.15
1447,397,data,Main Course,101.31
1448,110,condition,Main Course,184.72
1449,219,item,Main Course,106.92
1450,484,month,Starters,133.42
1451,385,much,Desserts,353.01
1452,490,memory,Starters,347.92
1453,283,new,Starters,172.83
1454,419,few,Main Course,410.73
1455,53,direction,Starters,67.09
1456,2,society,Starters,138.41
1457,206,trouble,Main Course,471.57
1458,95,suddenly,Desserts,157.25
1459,342,report,Beverages,389.78
1460,274,can,Main Course,135.48
1461,418,detail,Starters,222.97
1462,64,run,Beverages,163.55
1463,80,after,Desserts,328.7
1464,14,respond,Beverages,143.37
1465,203,operation,Desserts,143.15
1466,433,while,Beverages,271.97
1467,479,board,Desserts,463.8
1468,386,often,Beverages,443.1
1469,163,quickly,Beverages,172.53
1470,442,player,Starters,57.69
1471,236,red,Main Course,372.16
1472,296,fly,Starters,479.82
1473,385,second,Starters,416.48
1474,61,their,Starters,165.65
1475,405,picture,Desserts,130.19
1476,306,pay,Starters,316.55
1477,295,officer,Desserts,295.58
1478,396,wide,Beverages,424.15
1479,103,oil,Desserts,412.19
1480,372,true,Desserts,279.11
1481,433,husband,Main Course,409.06
1482,213,size,Starters,479.82
1483,226,travel,Beverages,266.28
1484,461,gun,Beverages,381.63
1485,42,treatment,Desserts,265.33
1486,263,side,Starters,114.75
1487,474,as,Desserts,440.42
1488,114,various,Main Course,367.46
1489,391,apply,Starters,261.81
1490,257,wife,Desserts,170.46
1491,22,wear,Starters,258.69
1492,88,she,Desserts,157.69
1493,314,their,Beverages,83.41
1494,86,any,Desserts,441.58
1495,99,church,Beverages,214.23
1496,281,once,Beverages,484.21
1497,139,our,Beverages,209.78
1498,237,father,Desserts,237.06
1499,87,issue,Beverages,222.39
1500,161,conference,Main Course,238.81
1501,54,address,Beverages,453.4
1502,130,world,Desserts,72.62
1503,340,finish,Starters,434.37
1504,165,evening,Desserts,240.16
1505,33,toward,Starters,119.55
1506,439,seek,Desserts,225.37
1507,356,these,Beverages,251.55
1508,288,set,Main Course,418.81
1509,354,language,Starters,181.38
1510,353,long,Beverages,51.42
1511,347,hair,Desserts,287.08
1512,136,series,Beverages,243.95
1513,290,dream,Main Course,119.05
1514,5,type,Starters,239.21
1515,351,fund,Beverages,130.05
1516,445,break,Desserts,466.75
1517,482,police,Main Course,146.29
1518,287,tree,Desserts,279.48
1519,43,cut,Desserts,241.09
1520,386,natural,Desserts,67.59
1521,399,degree,Main Course,237.76
1522,497,bar,Beverages,334.08
1523,378,account,Desserts,417.35
1524,362,while,Desserts,386.9
1525,499,account,Beverages,394.97
1526,449,agree,Desserts,459.7
1527,492,wish,Desserts,131.61
1528,180,clearly,Desserts,377.97
1529,210,performance,Desserts,483.1
1530,439,nearly,Starters,434.82
1531,484,PM,Starters,186.12
1532,441,cell,Beverages,232.15
1533,158,just,Main Course,376.74
1534,109,management,Beverages,102.46
1535,421,arm,Beverages,475.15
1536,435,doctor,Starters,176.75
1537,114,although,Desserts,124.28
1538,194,head,Beverages,304.76
1539,494,plan,Beverages,212.65
1540,184,sea,Desserts,170.51
1541,137,true,Main Course,409.01
1542,73,TV,Desserts,270.06
1543,119,different,Beverages,371.29
1544,491,argue,Beverages,480.66
1545,179,middle,Main Course,488.17
1546,277,truth,Desserts,381.37
1547,52,thousand,Main Course,188.65
1548,269,a,Starters,494.82
1549,415,final,Starters,447.91
1550,187,girl,Starters,487.94
1551,214,person,Beverages,285.72
1552,374,reduce,Beverages,123.97
1553,355,look,Starters,118.44
1554,70,recognize,Desserts,381.41
1555,476,age,Desserts,452.92
1556,284,family,Starters,124.63
1557,160,onto,Beverages,273.16
1558,313,article,Main Course,113.25
1559,462,night,Desserts,397.45
1560,221,be,Starters,118.18
1561,58,money,Beverages,223.51
1562,156,economy,Beverages,325.36
1563,85,that,Beverages,334.66
1564,333,parent,Desserts,269.26
1565,325,industry,Starters,263.69
1566,214,hot,Main Course,375.78
1567,277,care,Main Course,357.8
1568,274,democratic,Desserts,263.08
1569,261,worry,Main Course,323.01
1570,303,close,Beverages,214.78
1571,230,foot,Starters,82.92
1572,35,debate,Main Course,66.13
1573,127,whether,Desserts,188.65
1574,472,theory,Desserts,461.87
1575,178,city,Starters,401.12
1576,131,up,Desserts,381.58
1577,434,certain,Starters,69.55
1578,93,room,Main Course,151.06
1579,409,effort,Beverages,122.59
1580,64,enough,Main Course,214.8
1581,224,sell,Main Course,461.11
1582,183,station,Desserts,216.55
1583,97,their,Beverages,124.29
1584,404,but,Beverages,478.49
1585,183,enjoy,Starters,366.02
1586,81,effort,Main Course,321.42
1587,233,way,Beverages,79.82
1588,134,environmental,Main Course,330.73
1589,2,power,Beverages,449.03
1590,76,more,Main Course,499.62
1591,129,movement,Beverages,447.89
1592,458,artist,Desserts,312.44
1593,416,white,Desserts,104.83
1594,460,brother,Main Course,240.17
1595,391,my,Main Course,301.23
1596,130,truth,Beverages,289.76
1597,328,happy,Main Course,496.67
1598,499,skin,Desserts,359.44
1599,474,performance,Beverages,73.46
1600,204,truth,Desserts,287.99
1601,56,term,Starters,163.9
1602,443,source,Main Course,323.13
1603,351,them,Main Course,63.15
1604,349,much,Desserts,105.98
1605,180,enter,Starters,338.24
1606,485,college,Starters,430.37
1607,36,contain,Main Course,338.85
1608,214,kind,Desserts,244.56
1609,466,five,Beverages,75.88
1610,236,over,Main Course,442.29
1611,108,respond,Desserts,447.39
1612,99,speech,Main Course,326.24
1613,40,improve,Beverages,471.25
1614,431,have,Starters,415.99
1615,336,job,Beverages,201.99
1616,189,live,Main Course,348.68
1617,178,often,Beverages,96.37
1618,391,voice,Desserts,286.43
1619,288,tell,Desserts,113.77
1620,73,institution,Main Course,416.39
1621,210,second,Starters,424.97
1622,329,upon,Beverages,482.24
1623,394,foot,Starters,97.62
1624,59,material,Beverages,110.48
1625,418,rule,Starters,320.3
1626,260,war,Starters,86.37
1627,449,order,Desserts,466.26
1628,100,ago,Main Course,422.02
1629,289,true,Desserts,396.6
1630,39,Mr,Desserts,370.57
1631,336,build,Starters,197.37
1632,269,difference,Main Course,167.76
1633,370,north,Main Course,198.92
1634,195,local,Desserts,72.1
1635,387,federal,Desserts,157.53
1636,409,draw,Starters,232.42
1637,483,wrong,Starters,248.21
1638,239,strong,Main Course,234.0
1639,443,half,Desserts,116.74
1640,449,free,Beverages,278.17
1641,206,great,Beverages,239.75
1642,37,foreign,Desserts,413.76
1643,17,ask,Beverages,273.81
1644,457,east,Main Course,358.7
1645,296,should,Main Course,489.12
1646,4,medical,Main Course,297.66
1647,444,catch,Starters,226.67
1648,34,experience,Beverages,327.88
1649,10,cost,Beverages,411.85
1650,233,finally,Beverages,342.31
1651,205,say,Starters,192.75
1652,353,truth,Starters,137.77
1653,33,give,Desserts,106.55
1654,471,dog,Starters,332.6
1655,234,total,Beverages,355.14
1656,378,role,Desserts,400.1
1657,379,reason,Starters,112.75
1658,189,town,Desserts,252.45
1659,22,green,Desserts,427.09
1660,406,entire,Main Course,401.35
1661,381,site,Main Course,428.32
1662,16,affect,Starters,144.23
1663,143,after,Main Course,496.58
1664,472,art,Main Course,206.67
1665,128,explain,Main Course,336.47
1666,449,phone,Desserts,341.04
1667,459,at,Desserts,135.98
1668,297,success,Main Course,383.15
1669,422,phone,Desserts,56.45
1670,224,reason,Starters,491.7
1671,413,in,Beverages,338.82
1672,340,suffer,Main Course,76.26
1673,144,many,Desserts,275.22
1674,99,hit,Desserts,350.4
1675,367,staff,Main Course,462.59
1676,474,class,Starters,254.04
1677,339,those,Main Course,300.7
1678,324,approach,Starters,53.82
1679,419,daughter,Main Course,280.79
1680,445,goal,Main Course,472.44
1681,375,glass,Desserts,404.8
1682,411,TV,Starters,484.79
1683,51,hear,Main Course,249.57
1684,263,go,Main Course,58.03
1685,50,statement,Desserts,65.85
1686,81,think,Starters,370.22
1687,431,country,Starters,347.97
1688,313,gun,Main Course,329.53
1689,404,environmental,Beverages,141.36
1690,407,go,Desserts,400.8
1691,42,myself,Beverages,144.93
1692,254,together,Desserts,178.25
1693,41,surface,Main Course,497.42
1694,159,course,Beverages,498.46
1695,179,relationship,Main Course,426.65
1696,373,notice,Desserts,127.78
1697,163,style,Desserts,86.49
1698,126,full,Beverages,494.99
1699,107,impact,Beverages,450.28
1700,193,particularly,Desserts,342.03
1701,358,population,Beverages,489.49
1702,42,late,Main Course,301.88
1703,81,still,Main Course,93.64
1704,261,lawyer,Starters,310.29
1705,495,next,Starters,487.03
1706,393,truth,Starters,76.75
1707,191,reality,Beverages,171.2
1708,125,someone,Starters,312.61
1709,452,somebody,Desserts,68.65
1710,280,school,Beverages,446.34
1711,48,drug,Starters,251.54
1712,230,describe,Beverages,445.63
1713,183,weight,Starters,412.53
1714,459,bring,Starters,373.57
1715,152,so,Beverages,130.9
1716,485,close,Beverages,106.22
1717,405,sport,Main Course,467.95
1718,292,scientist,Main Course,272.63
1719,91,more,Main Course,162.36
1720,160,indeed,Beverages,193.45
1721,468,name,Desserts,69.98
1722,381,artist,Starters,344.61
1723,453,experience,Main Course,312.66
1724,351,until,Starters,110.48
1725,15,test,Beverages,116.98
1726,268,treat,Desserts,322.57
1727,367,very,Starters,246.27
1728,80,stage,Desserts,283.42
1729,201,ten,Main Course,187.28
1730,494,need,Desserts,201.6
1731,97,program,Main Course,151.59
1732,333,order,Beverages,440.11
1733,394,speech,Beverages,207.43
1734,2,decision,Main Course,159.94
1735,398,employee,Main Course,117.47
1736,55,perform,Main Course,213.24
1737,58,even,Beverages,451.63
1738,3,than,Starters,289.47
1739,103,either,Beverages,145.66
1740,265,director,Beverages,454.02
1741,64,necessary,Main Course,198.37
1742,101,himself,Desserts,254.84
1743,89,may,Main Course,444.4
1744,259,player,Desserts,132.65
1745,224,box,Beverages,120.16
1746,14,not,Starters,390.58
1747,172,behind,Starters,284.71
1748,363,soldier,Main Course,152.92
1749,247,realize,Starters,299.25
1750,460,require,Starters,265.38
1751,256,green,Desserts,78.5
1752,47,loss,Beverages,217.79
1753,36,same,Desserts,457.92
1754,17,ground,Beverages,433.75
1755,39,animal,Desserts,153.15
1756,40,local,Starters,420.11
1757,413,lot,Main Course,100.02
1758,80,center,Desserts,431.89
1759,215,strong,Beverages,181.76
1760,22,attorney,Desserts,183.37
1761,451,car,Main Course,182.9
1762,71,partner,Desserts,141.93
1763,271,employee,Starters,162.97
1764,133,difficult,Beverages,461.42
1765,455,station,Desserts,486.11
1766,215,throw,Main Course,352.06
1767,27,drug,Main Course,480.3
1768,496,wind,Desserts,219.56
1769,341,attention,Starters,443.87
1770,264,should,Starters,163.6
1771,163,shoulder,Beverages,136.67
1772,191,clearly,Main Course,447.83
1773,205,idea,Beverages,472.4
1774,313,eight,Main Course,186.23
1775,95,society,Desserts,284.05
1776,452,box,Starters,161.03
1777,131,policy,Beverages,132.66
1778,205,hotel,Beverages,434.73
1779,443,without,Desserts,64.85
1780,335,simply,Starters,352.81
1781,127,story,Desserts,195.83
1782,62,even,Main Course,313.27
1783,410,edge,Beverages,67.37
1784,98,any,Beverages,69.53
1785,303,politics,Beverages,269.28
1786,363,small,Main Course,100.33
1787,493,assume,Main Course,184.81
1788,96,high,Desserts,326.76
1789,481,officer,Desserts,135.05
1790,143,fine,Starters,386.37
1791,347,cultural,Beverages,403.97
1792,473,defense,Beverages,373.58
1793,150,area,Beverages,317.52
1794,300,relationship,Beverages,252.93
1795,226,authority,Starters,477.35
1796,385,really,Main Course,472.65
1797,204,country,Starters,327.91
1798,279,make,Starters,278.79
1799,49,something,Beverages,353.96
1800,227,product,Starters,303.34
1801,205,report,Desserts,322.21
1802,107,base,Starters,427.76
1803,496,table,Starters,118.95
1804,198,attention,Desserts,163.96
1805,376,suggest,Desserts,342.04
1806,349,hundred,Main Course,431.51
1807,382,car,Beverages,224.97
1808,21,bill,Main Course,129.89
1809,20,air,Starters,165.89
1810,100,factor,Desserts,262.85
1811,197,against,Main Course,387.81
1812,346,young,Main Course,457.19
1813,10,after,Starters,306.53
1814,359,painting,Starters,95.85
1815,375,firm,Beverages,169.19
1816,288,radio,Main Course,496.32
1817,228,by,Main Course,449.05
1818,188,whole,Starters,181.41
1819,211,skill,Starters,173.86
1820,214,despite,Desserts,263.16
1821,339,program,Desserts,289.4
1822,218,rule,Beverages,135.2
1823,91,information,Beverages,401.3
1824,20,especially,Beverages,310.03
1825,151,prevent,Beverages,96.85
1826,191,above,Beverages,60.87
1827,113,only,Beverages,318.24
1828,412,lose,Desserts,266.41
1829,259,need,Starters,92.63
1830,267,strong,Starters,111.81
1831,169,tree,Beverages,339.41
1832,325,decide,Desserts,359.94
1833,54,rich,Starters,130.78
1834,78,each,Desserts,376.7
1835,256,example,Starters,284.81
1836,319,seek,Beverages,101.55
1837,296,statement,Desserts,252.07
1838,46,challenge,Main Course,168.16
1839,368,check,Starters,376.23
1840,356,surface,Desserts,472.02
1841,59,then,Beverages,439.65
1842,496,day,Starters,193.66
1843,87,hear,Main Course,141.71
1844,59,financial,Desserts,331.76
1845,63,or,Main Course,464.26
1846,68,idea,Beverages,384.69
1847,27,land,Beverages,50.08
1848,239,easy,Desserts,300.6
1849,218,black,Main Course,253.39
1850,365,manage,Desserts,420.33
1851,284,popular,Starters,482.25
1852,207,lay,Desserts,469.68
1853,81,social,Starters,356.32
1854,159,support,Desserts,336.74
1855,99,growth,Starters,186.97
1856,165,research,Starters,339.53
1857,316,prepare,Desserts,153.96
1858,210,interest,Starters,176.06
1859,214,peace,Starters,50.7
1860,232,our,Starters,433.47
1861,465,loss,Main Course,433.3
1862,11,party,Main Course,162.01
1863,410,keep,Desserts,76.03
1864,359,evening,Desserts,272.85
1865,466,west,Main Course,81.31
1866,334,couple,Beverages,193.09
1867,392,investment,Main Course,340.81
1868,93,director,Starters,57.58
1869,160,table,Starters,230.16
1870,137,history,Main Course,353.71
1871,255,include,Main Course,306.33
1872,346,notice,Main Course,472.51
1873,162,win,Main Course,428.72
1874,349,sometimes,Main Course,458.77
1875,6,carry,Desserts,255.47
1876,73,voice,Main Course,472.84
1877,439,mean,Starters,291.24
1878,480,direction,Main Course,163.74
1879,313,important,Beverages,199.8
1880,481,growth,Starters,109.76
1881,392,this,Beverages,390.97
1882,87,hotel,Main Course,197.17
1883,6,rate,Starters,421.28
1884,2,listen,Desserts,363.55
1885,442,learn,Starters,165.2
1886,381,respond,Beverages,341.95
1887,245,religious,Beverages,253.14
1888,374,daughter,Desserts,302.82
1889,340,create,Desserts,241.55
1890,225,management,Starters,341.83
1891,13,list,Main Course,92.19
1892,281,tax,Beverages,395.97
1893,130,financial,Starters,209.43
1894,83,purpose,Main Course,251.92
1895,451,Democrat,Beverages,338.02
1896,484,of,Desserts,246.07
1897,333,author,Starters,167.18
1898,185,yard,Starters,457.14
1899,46,industry,Main Course,130.76
1900,256,situation,Beverages,54.81
1901,420,find,Starters,210.36
1902,110,good,Desserts,477.65
1903,490,government,Desserts,208.83
1904,296,agent,Beverages,310.01
1905,376,charge,Main Course,360.63
1906,144,able,Starters,335.75
1907,245,door,Beverages,290.88
1908,9,Mrs,Beverages,118.53
1909,102,wait,Beverages,50.07
1910,430,employee,Desserts,53.09
1911,83,writer,Desserts,470.01
1912,229,child,Main Course,327.42
1913,160,or,Main Course,65.69
1914,44,too,Main Course,132.75
1915,152,red,Desserts,435.06
1916,147,wear,Desserts,496.07
1917,330,research,Starters,242.77
1918,298,finish,Main Course,415.26
1919,481,color,Beverages,284.09
1920,83,hope,Desserts,163.3
1921,191,care,Starters,396.75
1922,98,picture,Starters,188.27
1923,393,actually,Desserts,213.56
1924,304,catch,Starters,237.27
1925,203,manage,Beverages,296.62
1926,49,ever,Beverages,257.55
1927,219,push,Beverages,99.27
1928,245,capital,Beverages,97.56
1929,88,such,Beverages,85.36
1930,246,coach,Starters,417.47
1931,223,anything,Main Course,201.5
1932,55,already,Beverages,116.33
1933,493,investment,Starters,399.43
1934,334,rather,Starters,298.79
1935,40,available,Desserts,383.94
1936,50,white,Main Course,495.0
1937,45,skill,Starters,200.48
1938,388,us,Starters,90.05
1939,195,court,Beverages,263.21
1940,199,arm,Beverages,288.69
1941,260,place,Desserts,151.12
1942,378,really,Main Course,170.77
1943,355,will,Desserts,110.19
1944,338,sister,Desserts,240.35
1945,25,enter,Main Course,158.08
1946,341,reach,Desserts,151.7
1947,57,item,Main Course,232.31
1948,169,win,Starters,293.85
1949,454,if,Beverages,459.37
1950,368,perhaps,Beverages,367.93
1951,228,left,Beverages,122.73
1952,172,offer,Beverages,231.36
1953,101,try,Desserts,200.04
1954,382,study,Desserts,108.69
1955,364,side,Starters,53.41
1956,153,suggest,Beverages,298.65
1957,487,whole,Main Course,79.6
1958,396,cover,Main Course,285.06
1959,122,will,Main Course,263.86
1960,363,enough,Desserts,433.2
1961,258,believe,Main Course,204.15
1962,98,art,Beverages,415.24
1963,500,set,Main Course,219.68
1964,68,send,Starters,412.05
1965,300,leave,Desserts,374.23
1966,397,remember,Starters,268.54
1967,442,surface,Main Course,271.37
1968,129,trial,Main Course,372.23
1969,64,beautiful,Main Course,128.77
1970,388,no,Desserts,455.46
1971,58,my,Main Course,403.15
1972,454,financial,Starters,155.4
1973,48,customer,Beverages,402.34
1974,327,nothing,Desserts,165.64
1975,164,assume,Starters,60.83
1976,73,section,Main Course,326.32
1977,210,meeting,Desserts,276.07
1978,192,adult,Main Course,83.45
1979,125,take,Desserts,220.13
1980,375,well,Beverages,382.88
1981,323,cold,Starters,465.56
1982,308,couple,Beverages,103.55
1983,341,on,Desserts,50.1
1984,218,respond,Starters,296.11
1985,49,style,Desserts,169.3
1986,242,north,Starters,169.65
1987,1,sense,Main Course,328.36
1988,49,treat,Beverages,284.2
1989,163,meeting,Beverages,116.4
1990,446,building,Beverages,402.93
1991,355,charge,Beverages,206.26
1992,485,appear,Beverages,482.9
1993,191,keep,Desserts,241.08
1994,220,those,Main Course,242.88
1995,305,prepare,Beverages,409.94
1996,180,peace,Starters,57.26
1997,166,always,Desserts,131.36
1998,175,fast,Beverages,170.94
1999,181,right,Main Course,411.09
2000,227,possible,Beverages,370.56
